{
	"IcoMoonType": "selection",
	"icons": [
		{
			"icon": {
				"paths": [
					"M64 192h896v192h-896zM64 448h896v192h-896zM64 704h896v192h-896z"
				],
				"tags": [
					"menu",
					"list",
					"items",
					"lines",
					"options"
				],
				"grid": 16
			},
			"properties": {
				"id": 184,
				"order": 2,
				"prevSize": 32,
				"code": 58881,
				"name": "menu",
				"ligatures": ""
			},
			"setIdx": 0,
			"iconIdx": 184
		},
		{
			"icon": {
				"paths": [
					"M192 128l640 384-640 384z"
				],
				"tags": [
					"play",
					"media control",
					"audio"
				],
				"grid": 16
			},
			"properties": {
				"id": 266,
				"order": 4,
				"prevSize": 32,
				"code": 58882,
				"name": "play",
				"ligatures": ""
			},
			"setIdx": 0,
			"iconIdx": 266
		},
		{
			"icon": {
				"paths": [
					"M128 128h768v768h-768z"
				],
				"tags": [
					"stop",
					"media control",
					"audio",
					"square"
				],
				"grid": 16
			},
			"properties": {
				"id": 268,
				"order": 5,
				"prevSize": 32,
				"code": 58883,
				"name": "stop",
				"ligatures": ""
			},
			"setIdx": 0,
			"iconIdx": 268
		},
		{
			"icon": {
				"paths": [
					"M256 896v-768h128v352l320-320v704l-320-320v352z"
				],
				"tags": [
					"previous",
					"media control",
					"audio"
				],
				"grid": 16
			},
			"properties": {
				"id": 273,
				"order": 8,
				"prevSize": 32,
				"code": 58884,
				"name": "previous",
				"ligatures": ""
			},
			"setIdx": 0,
			"iconIdx": 273
		},
		{
			"icon": {
				"paths": [
					"M768 128v768h-128v-352l-320 320v-704l320 320v-352z"
				],
				"tags": [
					"next",
					"media control",
					"audio"
				],
				"grid": 16
			},
			"properties": {
				"id": 274,
				"order": 9,
				"prevSize": 32,
				"code": 58885,
				"name": "next",
				"ligatures": ""
			},
			"setIdx": 0,
			"iconIdx": 274
		},
		{
			"icon": {
				"paths": [
					"M320 640v-192h192l-256-256-256 256h192v320h384l-128-128zM832 576v-320h-384l128 128h128v192h-192l256 256 256-256z"
				],
				"tags": [
					"loop",
					"repeat",
					"reload",
					"refresh",
					"update",
					"upgrade",
					"synchronize",
					"media control",
					"arrows"
				],
				"grid": 16
			},
			"properties": {
				"id": 285,
				"order": 11,
				"prevSize": 32,
				"code": 58886,
				"name": "loop",
				"ligatures": ""
			},
			"setIdx": 0,
			"iconIdx": 285
		},
		{
			"icon": {
				"paths": [
					"M1024 256l-256-256v192c-130.772 0-230.752 31.208-305.65 95.408-5.25 4.5-10.284 9.1-15.162 13.774 27.52 38.164 48.716 77.516 67.772 115.090 48.322-58.402 118.054-96.272 253.040-96.272v192 0 192c-216.446 0-265.126-97.36-326.756-220.622-34.306-68.612-69.78-139.56-135.592-195.97-74.9-64.2-174.88-95.408-305.652-95.408v128c216.446 0 265.126 97.36 326.756 220.622 34.306 68.612 69.78 139.56 135.592 195.97 74.9 64.2 174.882 95.408 305.652 95.408v192l256-256-256-256 256-256zM0 704v128c130.772 0 230.75-31.208 305.65-95.408 5.25-4.498 10.284-9.1 15.162-13.776-27.52-38.162-48.718-77.516-67.772-115.090-48.32 58.402-118.052 96.274-253.040 96.274z"
				],
				"tags": [
					"shuffle",
					"media control",
					"random"
				],
				"grid": 16
			},
			"properties": {
				"id": 286,
				"order": 10,
				"prevSize": 32,
				"code": 58887,
				"name": "shuffle",
				"ligatures": ""
			},
			"setIdx": 0,
			"iconIdx": 286
		},
		{
			"icon": {
				"paths": [
					"M256 665.6h-51.2c-28.262 0-51.2 22.886-51.2 51.2s22.938 51.2 51.2 51.2h51.2c28.262 0 51.2-22.886 51.2-51.2s-22.938-51.2-51.2-51.2zM256 460.8h-51.2c-28.262 0-51.2 22.938-51.2 51.2s22.938 51.2 51.2 51.2h51.2c28.262 0 51.2-22.938 51.2-51.2s-22.938-51.2-51.2-51.2zM256 256h-51.2c-28.262 0-51.2 22.938-51.2 51.2s22.938 51.2 51.2 51.2h51.2c28.262 0 51.2-22.938 51.2-51.2s-22.938-51.2-51.2-51.2zM460.8 358.4h358.4c28.314 0 51.2-22.938 51.2-51.2s-22.886-51.2-51.2-51.2h-358.4c-28.262 0-51.2 22.938-51.2 51.2s22.938 51.2 51.2 51.2zM819.2 460.8h-358.4c-28.262 0-51.2 22.938-51.2 51.2s22.938 51.2 51.2 51.2h358.4c28.314 0 51.2-22.938 51.2-51.2s-22.886-51.2-51.2-51.2zM819.2 665.6h-358.4c-28.262 0-51.2 22.886-51.2 51.2s22.938 51.2 51.2 51.2h358.4c28.314 0 51.2-22.886 51.2-51.2s-22.886-51.2-51.2-51.2z"
				],
				"tags": [
					"list",
					"menu",
					"options",
					"bullet"
				],
				"grid": 20
			},
			"properties": {
				"id": 147,
				"order": 1,
				"prevSize": 20,
				"code": 58880,
				"name": "list",
				"ligatures": ""
			},
			"setIdx": 3,
			"iconIdx": 147
		}
	],
	"height": 1024,
	"metadata": {
		"name": "icomoon"
	},
	"preferences": {
		"fontPref": {
			"prefix": "icon-",
			"metadata": {
				"fontFamily": "icomoon"
			},
			"showGlyphs": true,
			"metrics": {
				"emSize": 512,
				"baseline": 6.25,
				"whitespace": 50
			},
			"resetPoint": 58880,
			"showQuickUse": true,
			"quickUsageToken": false,
			"showMetrics": true,
			"showMetadata": false,
			"autoHost": true
		},
		"imagePref": {
			"color": 0,
			"height": 32,
			"columns": 16,
			"margin": 16,
			"png": false,
			"sprites": true
		},
		"historySize": 100,
		"showCodes": true,
		"gridSize": 16,
		"showLiga": false,
		"showGrid": true,
		"showGlyphs": true,
		"showQuickUse": true,
		"search": "",
		"quickUsageToken": {
			"UntitledProject1": "NWZjMGYyNjAxMDc2MWIyNmQyMjQ0OGM5NWE0YjY1NmEjMiMxNDA3MjQ5MjYxIyMj"
		}
	}
}